BigTime Software,BigTime Software Team,info@bigtime.net,Project management software,"BigTime Software provides cloud-based time tracking, billing, and project management solutions specifically for professional services firms."
Sprout Social,Sprout Social Team,support@sproutsocial.com,Social media platform,"Sprout Social is a leading social media management and analytics platform helping brands connect with their audiences and grow."
Avant,Avant Team,support@avant.com,Online lending platform,"Avant is an online lending platform that offers personal loans and credit cards to middle-income consumers."
Tempus,Tempus Team,info@tempus.com,Precision medicine data,"Tempus utilizes AI and a vast clinical and molecular data library to advance precision medicine, especially in cancer treatment."
G2,G2 Team,support@g2.com,Software review marketplace,"G2 is the world's largest marketplace for B2B software and services, providing peer reviews to guide purchasing decisions."
ActiveCampaign,ActiveCampaign Team,sales@activecampaign.com,Customer experience automation,"ActiveCampaign is a customer experience automation platform offering email marketing, CRM, and sales automation."
ShipBob,ShipBob Team,support@shipbob.com,E-commerce fulfillment,"ShipBob is an e-commerce fulfillment and logistics platform helping online businesses store, pack, and ship orders efficiently."
LogicGate,LogicGate Team,info@logicgate.com,GRC management platform,"LogicGate offers a cloud-based Governance, Risk, and Compliance (GRC) platform to automate and streamline risk and compliance processes."
Nextpoint,Nextpoint Team,info@nextpoint.com,Cloud eLaw services,"Nextpoint offers industry-leading cloud-based software and services for eDiscovery, litigation, and administrative needs in the legal sector."
BenchPrep,BenchPrep Team,info@benchprep.com,Edtech learning platform,"BenchPrep transforms digital learning by helping organizations build and deliver best-in-class online learning programs and certification prep."
Braviant Holdings,Braviant Holdings Team,info@braviant.com,Fintech lending innovation,"Braviant Holdings is a fintech company using advanced analytics and technology to provide credit solutions to underserved consumers."
Ascent,Ascent Team,info@ascent.io,Regulatory compliance platform,"Ascent is a regtech company building AI-powered software to help financial firms manage regulatory compliance efficiently."
Pangea Money Transfer,Pangea Team,support@pangeamoneytransfer.com,International money transfers,"Pangea Money Transfer offers a mobile-first platform for secure and affordable international money transfers to friends and family."
Obie,Obie Team,hello@obieinsurance.com,Real estate investor insurance,"Obie is an insurtech company providing tailored insurance solutions to modern real estate investors and their partners."
Yello,Yello Team,info@yello.co,Recruiting software platform,"Yello offers an enterprise recruiting software platform designed to modernize talent acquisition processes for large organizations."
Quantum Rise,Quantum Rise Team,hello@quantumrise.ai,AI and automation consulting,"Quantum Rise is an AI-native consulting firm combining human expertise with cutting-edge technology to drive business growth and innovation."
Stride Consulting,Stride Consulting Team,info@strideconsulting.com,Technology transformation partner,"Stride Consulting is a strategic partner guiding technological transformation with expertise in engineering, design, and product development."
Metafora,Metafora Team,info@metafora.com,Logistics consulting and software,"Metafora provides business consulting and software development services exclusively for the transportation, logistics, and supply chain industries."
Cohesion,Cohesion Team,info@cohesion.io,Smart building technology,"Cohesion offers a smart building technology suite integrating people, systems, and spaces for modern real estate management."
Practifi,Practifi Team,info@practifi.com,CRM for wealth management,"Practifi is a CRM platform specifically designed for wealth management, enhancing client experiences and automating workflows."
UPshow,UPshow Team,info@upshow.tv,In-venue entertainment and marketing,"UPshow is an in-venue entertainment and marketing platform providing white-labeled, interactive digital networks for retail and hospitality brands."
LaunchPad Lab,LaunchPad Lab Team,hello@launchpadlab.com,Custom software development,"LaunchPad Lab is a technology consulting firm that designs, develops, and delivers custom software applications for businesses."
Nerdio,Nerdio Team,sales@getnerdio.com,Cloud IT management,"Nerdio provides a software platform that simplifies and automates the deployment and management of IT environments in Microsoft Azure."
Kin Insurance,Kin Insurance Team,info@kin.com,Digital home insurance,"Kin Insurance is an insurtech company offering direct-to-consumer home insurance through a modern, digital experience."
Ocient,Ocient Team,info@ocient.com,Hyperscale data analytics,"Ocient develops a hyperscale data analytics solution designed for analyzing massive datasets with extreme speed and efficiency."
Vibe.co,Vibe.co Team,hello@vibe.co,OOH ad platform,"Vibe.co is a digital out-of-home (OOH) advertising platform that makes it easy to create, manage, and scale ad campaigns."
Logik.io,Logik.io Team,info@logik.io,CPQ software,"Logik.io provides advanced configure, price, quote (CPQ) software solutions that streamline complex sales processes."
ElectronX,ElectronX Team,info@electronx.io,Electricity exchange platform,"ElectronX is developing a modern exchange platform for trading electricity, aiming to bring transparency and efficiency to energy markets."
Certiverse,Certiverse Team,info@certiverse.com,Digital credentialing platform,"Certiverse offers an AI-powered platform for developing and delivering high-quality, secure digital certifications and assessments."
GoHealth,GoHealth Team,info@gohealth.com,Health insurance marketplace,"GoHealth is a leading online health insurance marketplace that uses proprietary technology to connect individuals with personalized health coverage options."
Kalderos,Kalderos Team,info@kalderos.com,Healthcare drug discounts,"Kalderos provides a data infrastructure and analytics platform that identifies and resolves drug discount challenges within the US healthcare system."
NOCD,NOCD Team,info@nocd.com,OCD therapy platform,"NOCD offers a digital platform providing live, face-to-face online therapy for individuals suffering from Obsessive-Compulsive Disorder (OCD)."
Prosodica,Prosodica Team,info@prosodica.com,Voice analytics software,"Prosodica provides enterprise-grade voice and speech analytics software to help businesses understand customer and employee interactions better."
Clearcover,Clearcover Team,support@clearcover.com,Digital car insurance,"Clearcover is an insurtech company rebuilding car insurance with a tech-first approach, focusing on digital efficiency and customer experience."
HealthJoy,HealthJoy Team,info@healthjoy.com,Employee benefits platform,"HealthJoy offers an AI-powered platform that simplifies employee benefits navigation and provides access to virtual healthcare services."
Vibes,Vibes Team,info@vibes.com,Mobile messaging platform,"Vibes is a mobile marketing platform that helps brands engage consumers through SMS, MMS, mobile wallets, and push notifications."
Amount,Amount Team,info@amount.com,Fintech platform for banks,"Amount is a leading fintech platform enabling financial institutions to build and enhance their digital consumer and small business lending operations."
Halo Investing,Halo Investing Team,info@haloinvesting.com,Structured notes platform,"Halo Investing is a financial technology company that provides an independent platform for structured notes and defined outcome investments."
Mastery Logistics Systems,Mastery Team,info@masterylogistics.com,Logistics software,"Mastery Logistics Systems develops a comprehensive cloud-based TMS (Transportation Management System) for managing complex logistics operations."
Arcadia,Arcadia Team,info@arcadia.io,Healthcare data platform,"Arcadia transforms diverse healthcare data into actionable insights, helping healthcare organizations improve care and drive strategic growth."
Homethrive,Homethrive Team,info@homethrive.com,Caregiving support platform,"Homethrive offers an employee benefit platform that provides personalized support and resources for working caregivers."
Coro,Coro Team,info@coro.net,Cybersecurity platform,"Coro provides a modular cybersecurity platform designed to protect SMBs from various cyber threats through consolidated security features."
Datassential,Datassential Team,info@datassential.com,Food industry insights,"Datassential is a leading data intelligence firm providing insights, trends, and analytics for the food and beverage industry."
Raise,Raise Team,info@raise.com,Gift card marketplace,"Raise is an online marketplace where consumers can buy and sell discounted gift cards and store credit."
OneSix,OneSix Team,hello@onesix.io,Data and AI consultancy,"OneSix is a data and AI consultancy that helps businesses build strategies, technology, and teams for innovation and growth."
MedDefend,MedDefend Team,info@mymeddefend.com,Medical legal protection,"MedDefend provides legal and compliance protection services specifically for healthcare professionals and practices."
Rhaeos,Rhaeos Team,info@rhaeos.com,Hydrocephalus monitoring,"Rhaeos develops a non-invasive wearable device for monitoring shunt function in patients with hydrocephalus."
Hologram,Hologram Team,success@hologram.io,IoT connectivity platform,"Hologram provides a global IoT connectivity platform that allows businesses to connect devices securely and efficiently worldwide."
86 Repairs,86 Repairs Team,info@86repairs.com,Restaurant repair management,"86 Repairs is a technology-driven company that manages and optimizes equipment repairs and maintenance for restaurant groups."
Tegus,Tegus Team,info@tegus.com,Expert insights platform,"Tegus is a leading platform providing expert interviews and qualitative insights for investors and businesses to make informed decisions."
Network Perception,Network Perception Team,info@network-perception.com,Cybersecurity compliance,"Network Perception offers a cybersecurity platform that helps critical infrastructure organizations achieve and maintain network compliance and security."
ThreeFlow,ThreeFlow Team,info@threeflow.com,Benefits placement platform,"ThreeFlow is a benefits placement platform that streamlines the quoting and renewal process for benefits brokers and carriers."
Visual Feeder,Visual Feeder Team,info@visualfeeder.com,Digital out-of-home ads,"Visual Feeder is an adtech company transforming outdoor advertising with interactive digital displays and dynamic content."
Avail,Avail Team,info@avail.co,Landlord software,"Avail provides free, easy-to-use software for DIY landlords to manage rental properties, from listing to lease signing."
Project44,Project44 Team,info@project44.com,Supply chain visibility,"Project44 is a leading supply chain visibility platform providing real-time tracking and insights for shippers and logistics providers."
M1 Finance,M1 Finance Team,support@m1finance.com,Automated investing platform,"M1 Finance is a finance super app that combines automated investing, borrowing, and spending to help users manage their money smarter."
Cameo,Cameo Team,support@cameo.com,Personalized celebrity videos,"Cameo is a platform where fans can book personalized video messages from their favorite celebrities and public figures."
Fooda,Fooda Team,info@fooda.com,Workplace food programs,"Fooda offers innovative workplace food programs, bringing local restaurants directly to employees for convenient meal options."
EarlyBird,EarlyBird Team,hello@earlybird.co,Child investing app,"EarlyBird is a fintech app enabling parents and family members to collectively invest in a child's financial future."
Loop Crypto,Loop Crypto Team,hello@loopcrypto.xyz,On-chain crypto payments,"Loop Crypto is an auto-payment platform designed for recurring and one-time on-chain crypto payments."
Arturo.ai,Arturo.ai Team,info@arturo.ai,AI for property insights,"Arturo.ai provides AI-powered property intelligence to the insurance and real estate industries, delivering rapid and precise insights."
JusticeBid,JusticeBid Team,info@justicebid.com,Legal procurement platform,"JusticeBid is a technology platform that streamlines the procurement of legal services, enhancing diversity and transparency."
Metopio,Metopio Team,info@metopio.com,Community data analytics,"Metopio is a data intelligence platform offering community-level insights to inform business, policy, and social impact decisions."
Cargado,Cargado Team,info@cargado.io,Freight forwarding software,"Cargado provides a modern software platform that streamlines operations for freight forwarders and logistics companies."
Capital Markets Gateway (CMG),CMG Team,info@cmgx.io,Capital markets platform,"Capital Markets Gateway (CMG) is a financial technology company offering an integrated platform for institutional capital markets transactions."
Carbon Five,Carbon Five Team,contact@carbonfive.com,Digital product development,"Carbon Five is a digital product development consultancy that partners with companies to design and build innovative software solutions."
Hallow,Hallow Team,info@hallow.com,Catholic prayer app,"Hallow is a prayer and meditation app designed to help Catholics deepen their faith and spiritual lives through guided sessions and content."
Cameo,Cameo Team,support@cameo.com,Personalized celebrity videos,"Cameo is a platform allowing fans to book personalized video messages from their favorite celebrities, athletes, and public figures."
LogicGate,LogicGate Team,info@logicgate.com,GRC management platform,"LogicGate offers a cloud-based Governance, Risk, and Compliance (GRC) platform to automate and streamline organizational risk and compliance processes."
Nerdio,Nerdio Team,sales@getnerdio.com,Cloud IT management,"Nerdio provides a software platform that simplifies and automates the deployment and management of IT environments in Microsoft Azure."
Kin Insurance,Kin Insurance Team,info@kin.com,Digital home insurance,"Kin Insurance is an insurtech company offering direct-to-consumer home insurance through a modern, digital experience tailored to homeowners."
Ocient,Ocient Team,info@ocient.com,Hyperscale data analytics,"Ocient develops a hyperscale data analytics solution designed for analyzing massive datasets with extreme speed and efficiency."
Vibe.co,Vibe.co Team,hello@vibe.co,OOH ad platform,"Vibe.co is a digital out-of-home (OOH) advertising platform that makes it easy to create, manage, and scale ad campaigns."
Logik.io,Logik.io Team,info@logik.io,CPQ software,"Logik.io provides advanced configure, price, quote (CPQ) software solutions that streamline complex sales processes for businesses."
ElectronX,ElectronX Team,info@electronx.io,Electricity exchange platform,"ElectronX is developing a modern exchange platform for trading electricity, aiming to bring transparency and efficiency to energy markets."
Certiverse,Certiverse Team,info@certiverse.com,Digital credentialing platform,"Certiverse offers an AI-powered platform for developing and delivering high-quality, secure digital certifications and assessments."
Growment,Growment Team,hello@growment.io,AI for business growth,"Growment is an AI-powered platform designed to help businesses identify growth opportunities and optimize their strategies."
Clearstep,Clearstep Team,hello@clearstep.health,Healthcare navigation AI,"Clearstep provides an AI-powered platform that guides patients to the right care at the right time through intelligent symptom checking."
Forager,Forager Team,info@forager.com,Cross-border freight,"Forager is a digital freight marketplace specializing in cross-border logistics between the US, Canada, and Mexico."
Tovala,Tovala Team,hello@tovala.com,Smart oven meal delivery,"Tovala combines a smart oven with chef-crafted meal delivery for convenient, healthy home cooking."
OppFi,OppFi Team,info@oppfi.com,Financial services platform,"OppFi is a mission-driven financial technology platform that helps everyday consumers access credit and build financial health."
Relativity,Relativity Team,info@relativity.com,eDiscovery and compliance,"Relativity provides a leading software platform for eDiscovery, compliance, and internal investigations, helping legal teams manage data."
Foxtrot,Foxtrot Team,hello@foxtrotco.com,On-demand convenience store,"Foxtrot is a modern convenience store and delivery service offering curated everyday essentials and local products."
Project44,Project44 Team,info@project44.com,Supply chain visibility,"Project44 is a leading supply chain visibility platform providing real-time tracking and insights for shippers and logistics providers."
ActiveCampaign,ActiveCampaign Team,sales@activecampaign.com,Customer experience automation,"ActiveCampaign is a customer experience automation platform offering email marketing, CRM, and sales automation functionalities."
